Company, Heuresis Corp.
Model, Pb200i
Type, XRF Lead Paint Analyzer
Serial Num., 2009
App Version, Pb200i-4.1-11

Job Id,Reading #,Concentration,Units,3 SD,Result,Calibration Reading,Action Level,RTA Present,Read Through,NomSecs,Date,Time,User,Mode,Analytic Mode,Latitude,Longitude,Accuracy,Job,Location,Room,Side,Componet ,-->Member,Substrate,Condition,-->Cause,Color,
,1,0.9,mg/cm2,0.2,Negative,false,1.00,false,false,5.00,2022-05-04,08:21:24,EI Group,Action Level,Lead Paint,0.000000,0.000000,0.0,1712 don lee,Exterior,Calibration,A,Fascia,,Wood,Deteriorated,,White,
,2,0.9,mg/cm2,0.2,Negative,false,1.00,false,false,5.00,2022-05-04,08:21:45,EI Group,Action Level,Lead Paint,0.000000,0.000000,0.0,1712 don lee,Exterior,Calibration,A,Fascia,,Wood,Deteriorated,,White,
,3,1.0,mg/cm2,0.2,Positive,false,1.00,false,false,5.00,2022-05-04,08:22:06,EI Group,Action Level,Lead Paint,0.000000,0.000000,0.0,1712 don lee,Exterior,Calibration,A,Fascia,,Wood,Deteriorated,,White,
,4,0.0,mg/cm2,0.3,Negative,false,1.00,false,false,2.00,2022-05-04,08:26:29,EI Group,Action Level,Lead Paint,0.000000,0.000000,0.0,1712 don lee,Apartment / Residential ,Kitchen,D,Door,,Wood,Deteriorated,,Tan,
,5,-0.2,mg/cm2,0.3,Negative,false,1.00,false,false,2.00,2022-05-04,08:26:46,EI Group,Action Level,Lead Paint,0.000000,0.000000,0.0,1712 don lee,Apartment / Residential ,Kitchen,D,Door,Frame,Wood,Deteriorated,,Tan,
,6,-0.1,mg/cm2,0.3,Negative,false,1.00,false,false,2.00,2022-05-04,08:27:08,EI Group,Action Level,Lead Paint,0.000000,0.000000,0.0,1712 don lee,Apartment / Residential ,Kitchen,D,Room,Wall,Wood,Intact,,Brown,
,7,0.0,mg/cm2,0.3,Negative,false,1.00,false,false,2.00,2022-05-04,08:27:28,EI Group,Action Level,Lead Paint,0.000000,0.000000,0.0,1712 don lee,Apartment / Residential ,Kitchen,D,Room,Ceiling,Drywall,Intact,,White,
,8,-0.1,mg/cm2,0.3,Negative,false,1.00,false,false,2.00,2022-05-04,08:28:10,EI Group,Action Level,Lead Paint,0.000000,0.000000,0.0,1712 don lee,Apartment / Residential ,Kitchen,D,Room,Floor,Drywall,Intact,,Grey,
,9,0.0,mg/cm2,0.3,Negative,false,1.00,false,false,2.00,2022-05-04,08:28:36,EI Group,Action Level,Lead Paint,0.000000,0.000000,0.0,1712 don lee,Apartment / Residential ,Kitchen,B,Cabinets,,Wood,Intact,,Brown,
,10,-0.2,mg/cm2,0.3,Negative,false,1.00,false,false,2.00,2022-05-04,08:29:14,EI Group,Action Level,Lead Paint,0.000000,0.000000,0.0,1712 don lee,Apartment / Residential ,Kitchen,C,Window,Sill,Wood,Deteriorated,,Brown,
,11,-0.1,mg/cm2,0.3,Negative,false,1.00,false,false,2.00,2022-05-04,08:29:34,EI Group,Action Level,Lead Paint,0.000000,0.000000,0.0,1712 don lee,Apartment / Residential ,Kitchen,C,Window,Sash,Wood,Deteriorated,,Brown,
,12,-0.1,mg/cm2,0.3,Negative,false,1.00,false,false,2.00,2022-05-04,08:29:52,EI Group,Action Level,Lead Paint,0.000000,0.000000,0.0,1712 don lee,Apartment / Residential ,Kitchen,C,Window,Frame,Wood,Deteriorated,,Brown,
,13,-0.1,mg/cm2,0.3,Negative,false,1.00,false,false,2.00,2022-05-04,08:31:35,EI Group,Action Level,Lead Paint,0.000000,0.000000,0.0,1712 don lee,Apartment / Residential ,Dining Room,D,Window,Frame,Wood,Deteriorated,,Brown,
,14,-0.2,mg/cm2,0.3,Negative,false,1.00,false,false,2.00,2022-05-04,08:31:52,EI Group,Action Level,Lead Paint,0.000000,0.000000,0.0,1712 don lee,Apartment / Residential ,Dining Room,D,Window,Sill,Wood,Deteriorated,,Brown,
,15,-0.3,mg/cm2,0.3,Negative,false,1.00,false,false,2.00,2022-05-04,08:32:15,EI Group,Action Level,Lead Paint,0.000000,0.000000,0.0,1712 don lee,Apartment / Residential ,Dining Room,D,Window,Sash,Wood,Deteriorated,,Brown,
,16,-0.2,mg/cm2,0.3,Negative,false,1.00,false,false,2.00,2022-05-04,08:32:42,EI Group,Action Level,Lead Paint,0.000000,0.000000,0.0,1712 don lee,Apartment / Residential ,Dining Room,C,Room,Wall,Wood,Intact,,Brown,
,17,-0.1,mg/cm2,0.3,Negative,false,1.00,false,false,2.00,2022-05-04,08:33:04,EI Group,Action Level,Lead Paint,0.000000,0.000000,0.0,1712 don lee,Apartment / Residential ,Dining Room,C,Door,Jamb,Wood,Deteriorated,,Brown,
,18,-0.2,mg/cm2,0.3,Negative,false,1.00,false,false,2.00,2022-05-04,08:33:20,EI Group,Action Level,Lead Paint,0.000000,0.000000,0.0,1712 don lee,Apartment / Residential ,Dining Room,C,Door,Frame,Wood,Deteriorated,,Brown,
,19,-0.2,mg/cm2,0.3,Negative,false,1.00,false,false,2.00,2022-05-04,08:33:42,EI Group,Action Level,Lead Paint,0.000000,0.000000,0.0,1712 don lee,Apartment / Residential ,Dining Room,C,Room,Chair Rail,Wood,Intact,,Brown,
,20,-0.1,mg/cm2,0.3,Negative,false,1.00,false,false,2.00,2022-05-04,08:40:08,EI Group,Action Level,Lead Paint,0.000000,0.000000,0.0,1712 don lee,Apartment / Residential ,Living Room,A,Room,Wall,Wood,Intact,,Brown,
,21,-0.4,mg/cm2,0.3,Negative,false,1.00,false,false,2.00,2022-05-04,08:40:28,EI Group,Action Level,Lead Paint,0.000000,0.000000,0.0,1712 don lee,Apartment / Residential ,Living Room,A,Window,Sill,Wood,Intact,,Brown,
,22,-0.2,mg/cm2,0.3,Negative,false,1.00,false,false,2.00,2022-05-04,08:40:48,EI Group,Action Level,Lead Paint,0.000000,0.000000,0.0,1712 don lee,Apartment / Residential ,Living Room,A,Window,Sash,Wood,Intact,,Brown,
,23,-0.2,mg/cm2,0.3,Negative,false,1.00,false,false,2.00,2022-05-04,08:41:04,EI Group,Action Level,Lead Paint,0.000000,0.000000,0.0,1712 don lee,Apartment / Residential ,Living Room,A,Window,Frame,Wood,Intact,,Brown,
,24,-0.2,mg/cm2,0.3,Negative,false,1.00,false,false,2.00,2022-05-04,08:41:26,EI Group,Action Level,Lead Paint,0.000000,0.000000,0.0,1712 don lee,Apartment / Residential ,Living Room,A,Door,Jamb,Wood,Deteriorated,,Brown,
,25,-0.1,mg/cm2,0.3,Negative,false,1.00,false,false,2.00,2022-05-04,08:41:42,EI Group,Action Level,Lead Paint,0.000000,0.000000,0.0,1712 don lee,Apartment / Residential ,Living Room,A,Door,Frame,Wood,Deteriorated,,Brown,
,26,-0.1,mg/cm2,0.3,Negative,false,1.00,false,false,2.00,2022-05-04,08:42:02,EI Group,Action Level,Lead Paint,0.000000,0.000000,0.0,1712 don lee,Apartment / Residential ,Living Room,A,Door,---,Wood,Intact,,White,
,27,-0.2,mg/cm2,0.3,Negative,false,1.00,false,false,2.00,2022-05-04,08:42:31,EI Group,Action Level,Lead Paint,0.000000,0.000000,0.0,1712 don lee,Apartment / Residential ,Living Room,C,Room,Baseboard,Wood,Intact,,Brown,
,28,-0.1,mg/cm2,0.3,Negative,false,1.00,false,false,2.00,2022-05-04,08:42:51,EI Group,Action Level,Lead Paint,0.000000,0.000000,0.0,1712 don lee,Apartment / Residential ,Living Room,C,Room,Wall,Wood,Intact,,Brown,
,29,-0.1,mg/cm2,0.3,Negative,false,1.00,false,false,2.00,2022-05-04,08:44:12,EI Group,Action Level,Lead Paint,0.000000,0.000000,0.0,1712 don lee,Apartment / Residential ,Bedroom 1,D,Door,,Wood,Deteriorated,,Brown,
,30,-0.1,mg/cm2,0.3,Negative,false,1.00,false,false,2.00,2022-05-04,08:44:30,EI Group,Action Level,Lead Paint,0.000000,0.000000,0.0,1712 don lee,Apartment / Residential ,Bedroom 1,D,Door,Jamb,Wood,Deteriorated,,Brown,
,31,-0.1,mg/cm2,0.3,Negative,false,1.00,false,false,2.00,2022-05-04,08:44:49,EI Group,Action Level,Lead Paint,0.000000,0.000000,0.0,1712 don lee,Apartment / Residential ,Bedroom 1,D,Room,Wall,Wood,Intact,,Brown,
,32,-0.2,mg/cm2,0.3,Negative,false,1.00,false,false,2.00,2022-05-04,08:45:14,EI Group,Action Level,Lead Paint,0.000000,0.000000,0.0,1712 don lee,Apartment / Residential ,Bedroom 1,B,Window,Sill,Wood,Intact,,Brown,
,33,-0.1,mg/cm2,0.3,Negative,false,1.00,false,false,2.00,2022-05-04,08:45:30,EI Group,Action Level,Lead Paint,0.000000,0.000000,0.0,1712 don lee,Apartment / Residential ,Bedroom 1,B,Window,Frame,Wood,Intact,,Brown,
,34,-0.2,mg/cm2,0.3,Negative,false,1.00,false,false,2.00,2022-05-04,08:45:50,EI Group,Action Level,Lead Paint,0.000000,0.000000,0.0,1712 don lee,Apartment / Residential ,Bedroom 1,B,Window,Sash,Wood,Intact,,Brown,
,35,-0.3,mg/cm2,0.3,Negative,false,1.00,false,false,2.00,2022-05-04,08:46:47,EI Group,Action Level,Lead Paint,0.000000,0.000000,0.0,1712 don lee,Apartment / Residential ,Bedroom 2,C,Window,Sash,Wood,Intact,,Brown,
,36,-0.2,mg/cm2,0.3,Negative,false,1.00,false,false,2.00,2022-05-04,08:47:02,EI Group,Action Level,Lead Paint,0.000000,0.000000,0.0,1712 don lee,Apartment / Residential ,Bedroom 2,C,Window,Sill,Wood,Intact,,Brown,
,37,-0.2,mg/cm2,0.3,Negative,false,1.00,false,false,2.00,2022-05-04,08:47:18,EI Group,Action Level,Lead Paint,0.000000,0.000000,0.0,1712 don lee,Apartment / Residential ,Bedroom 2,C,Window,Frame,Wood,Intact,,Brown,
,38,-0.3,mg/cm2,0.3,Negative,false,1.00,false,false,2.00,2022-05-04,08:47:39,EI Group,Action Level,Lead Paint,0.000000,0.000000,0.0,1712 don lee,Apartment / Residential ,Bedroom 2,D,Room,Wall,Wood,Intact,,Brown,
,39,-0.1,mg/cm2,0.3,Negative,false,1.00,false,false,2.00,2022-05-04,08:47:57,EI Group,Action Level,Lead Paint,0.000000,0.000000,0.0,1712 don lee,Apartment / Residential ,Bedroom 2,D,Door,,Wood,Intact,,Brown,
,40,0.0,mg/cm2,0.3,Negative,false,1.00,false,false,2.00,2022-05-04,08:48:13,EI Group,Action Level,Lead Paint,0.000000,0.000000,0.0,1712 don lee,Apartment / Residential ,Bedroom 2,D,Door,Jamb,Wood,Intact,,Brown,
,41,-0.2,mg/cm2,0.3,Negative,false,1.00,false,false,2.00,2022-05-04,08:48:29,EI Group,Action Level,Lead Paint,0.000000,0.000000,0.0,1712 don lee,Apartment / Residential ,Bedroom 2,D,Door,Frame,Wood,Intact,,Brown,
,42,-0.2,mg/cm2,0.3,Negative,false,1.00,false,false,2.00,2022-05-04,08:48:57,EI Group,Action Level,Lead Paint,0.000000,0.000000,0.0,1712 don lee,Apartment / Residential ,Bathroom,D,Door,Frame,Wood,Intact,,Brown,
,43,-0.2,mg/cm2,0.3,Negative,false,1.00,false,false,2.00,2022-05-04,08:49:13,EI Group,Action Level,Lead Paint,0.000000,0.000000,0.0,1712 don lee,Apartment / Residential ,Bathroom,D,Door,Jamb,Wood,Intact,,Brown,
,44,0.0,mg/cm2,0.3,Negative,false,1.00,false,false,2.00,2022-05-04,08:49:30,EI Group,Action Level,Lead Paint,0.000000,0.000000,0.0,1712 don lee,Apartment / Residential ,Bathroom,D,Door,---,Wood,Intact,,Brown,
,45,0.0,mg/cm2,0.3,Negative,false,1.00,false,false,2.00,2022-05-04,08:50:09,EI Group,Action Level,Lead Paint,0.000000,0.000000,0.0,1712 don lee,Apartment / Residential ,Bathroom,D,Cabinets,,Wood,Intact,,Black,
,46,-0.2,mg/cm2,0.3,Negative,false,1.00,false,false,2.00,2022-05-04,08:50:29,EI Group,Action Level,Lead Paint,0.000000,0.000000,0.0,1712 don lee,Apartment / Residential ,Bathroom,D,Room,Wall,Wood,Intact,,White,
,47,0.0,mg/cm2,0.3,Negative,false,1.00,false,false,2.00,2022-05-04,08:50:59,EI Group,Action Level,Lead Paint,0.000000,0.000000,0.0,1712 don lee,Apartment / Residential ,Bathroom,C,Tub ,,Ceramic,Intact,,White,
,48,-0.1,mg/cm2,0.3,Negative,false,1.00,false,false,2.00,2022-05-04,08:51:24,EI Group,Action Level,Lead Paint,0.000000,0.000000,0.0,1712 don lee,Apartment / Residential ,Bathroom,C,Window,Frame,Wood,Intact,,White,
,49,-0.2,mg/cm2,0.3,Negative,false,1.00,false,false,2.00,2022-05-04,08:51:53,EI Group,Action Level,Lead Paint,0.000000,0.000000,0.0,1712 don lee,Apartment / Residential ,Bathroom,C,Window,Sash,Wood,Intact,,Brown,
,50,-0.2,mg/cm2,0.3,Negative,false,1.00,false,false,2.00,2022-05-04,08:52:16,EI Group,Action Level,Lead Paint,0.000000,0.000000,0.0,1712 don lee,Apartment / Residential ,Bathroom,C,Window,Sill,Wood,Intact,,Brown,
,51,-0.1,mg/cm2,0.3,Negative,false,1.00,false,false,2.00,2022-05-04,08:52:43,EI Group,Action Level,Lead Paint,0.000000,0.000000,0.0,1712 don lee,Apartment / Residential ,Bedroom 3,C,Window,Sill,Wood,Intact,,Brown,
,52,-0.1,mg/cm2,0.3,Negative,false,1.00,false,false,2.00,2022-05-04,08:52:58,EI Group,Action Level,Lead Paint,0.000000,0.000000,0.0,1712 don lee,Apartment / Residential ,Bedroom 3,C,Window,Sash,Wood,Intact,,Brown,
,53,-0.1,mg/cm2,0.3,Negative,false,1.00,false,false,2.00,2022-05-04,08:53:15,EI Group,Action Level,Lead Paint,0.000000,0.000000,0.0,1712 don lee,Apartment / Residential ,Bedroom 3,C,Window,Frame,Wood,Intact,,Brown,
,54,-0.2,mg/cm2,0.3,Negative,false,1.00,false,false,2.00,2022-05-04,08:53:37,EI Group,Action Level,Lead Paint,0.000000,0.000000,0.0,1712 don lee,Apartment / Residential ,Bedroom 3,C,Door,Jamb,Wood,Intact,,Brown,
,55,-0.3,mg/cm2,0.3,Negative,false,1.00,false,false,2.00,2022-05-04,08:53:54,EI Group,Action Level,Lead Paint,0.000000,0.000000,0.0,1712 don lee,Apartment / Residential ,Bedroom 3,C,Door,Frame,Wood,Intact,,Brown,
,56,-0.1,mg/cm2,0.3,Negative,false,1.00,false,false,2.00,2022-05-04,08:54:14,EI Group,Action Level,Lead Paint,0.000000,0.000000,0.0,1712 don lee,Apartment / Residential ,Bedroom 3,C,Door,---,Wood,Intact,,Brown,
,57,0.0,mg/cm2,0.3,Negative,false,1.00,false,false,2.00,2022-05-04,08:57:14,EI Group,Action Level,Lead Paint,0.000000,0.000000,0.0,1712 don lee,Exterior,House,A,Door,---,Wood,Intact,,White,
,58,0.0,mg/cm2,0.3,Negative,false,1.00,false,false,2.00,2022-05-04,08:57:33,EI Group,Action Level,Lead Paint,0.000000,0.000000,0.0,1712 don lee,Exterior,House,A,Door,Frame,Wood,Intact,,White,
,59,-0.4,mg/cm2,0.3,Negative,false,1.00,false,false,2.00,2022-05-04,08:57:57,EI Group,Action Level,Lead Paint,0.000000,0.000000,0.0,1712 don lee,Exterior,House,A,Soffit,,Vinyl,Intact,,White,
,60,-0.2,mg/cm2,0.3,Negative,false,1.00,false,false,2.00,2022-05-04,08:58:13,EI Group,Action Level,Lead Paint,0.000000,0.000000,0.0,1712 don lee,Exterior,House,A,Fascia,,Vinyl,Intact,,White,
,61,0.1,mg/cm2,0.3,Negative,false,1.00,false,false,2.00,2022-05-04,08:58:46,EI Group,Action Level,Lead Paint,0.000000,0.000000,0.0,1712 don lee,Exterior,House,A,Window,Frame,Vinyl,Intact,,White,
,62,-0.1,mg/cm2,0.3,Negative,false,1.00,false,false,2.00,2022-05-04,08:59:06,EI Group,Action Level,Lead Paint,0.000000,0.000000,0.0,1712 don lee,Exterior,House,A,Window,Sill,Vinyl,Deteriorated,,White,
,63,-0.1,mg/cm2,0.3,Negative,false,1.00,false,false,2.00,2022-05-04,08:59:34,EI Group,Action Level,Lead Paint,0.000000,0.000000,0.0,1712 don lee,Exterior,House,A,Window,Sash,Wood,Deteriorated,,Black,
,64,-0.2,mg/cm2,0.3,Negative,false,1.00,false,false,2.00,2022-05-04,09:00:02,EI Group,Action Level,Lead Paint,0.000000,0.000000,0.0,1712 don lee,Exterior,House,A,Room,Wall,Vinyl,Intact,,White,
,65,-0.1,mg/cm2,0.3,Negative,false,1.00,false,false,2.00,2022-05-04,09:00:48,EI Group,Action Level,Lead Paint,0.000000,0.000000,0.0,1712 don lee,Exterior,House,B,Room,Wall,Vinyl,Intact,,White,
,66,0.0,mg/cm2,0.3,Negative,false,1.00,false,false,2.00,2022-05-04,09:01:10,EI Group,Action Level,Lead Paint,0.000000,0.000000,0.0,1712 don lee,Exterior,House,B,Window,Sill,Vinyl,Deteriorated,,White,
,67,-0.2,mg/cm2,0.3,Negative,false,1.00,false,false,2.00,2022-05-04,09:01:30,EI Group,Action Level,Lead Paint,0.000000,0.000000,0.0,1712 don lee,Exterior,House,B,Window,Frame,Vinyl,Intact,,White,
,68,0.0,mg/cm2,0.3,Negative,false,1.00,false,false,2.00,2022-05-04,09:01:49,EI Group,Action Level,Lead Paint,0.000000,0.000000,0.0,1712 don lee,Exterior,House,C,Window,Frame,Vinyl,Intact,,White,
,69,-0.1,mg/cm2,0.3,Negative,false,1.00,false,false,2.00,2022-05-04,09:02:10,EI Group,Action Level,Lead Paint,0.000000,0.000000,0.0,1712 don lee,Exterior,House,C,Window,Sill,Vinyl,Deteriorated,,White,
,70,-0.1,mg/cm2,0.3,Negative,false,1.00,false,false,2.00,2022-05-04,09:02:44,EI Group,Action Level,Lead Paint,0.000000,0.000000,0.0,1712 don lee,Exterior,House,C,Window,Sash,Wood,Deteriorated,,Black,
,71,-0.1,mg/cm2,0.3,Negative,false,1.00,false,false,2.00,2022-05-04,09:03:08,EI Group,Action Level,Lead Paint,0.000000,0.000000,0.0,1712 don lee,Exterior,House,C,Room,Wall,Vinyl,Intact,,White,
,72,0.0,mg/cm2,0.3,Negative,false,1.00,false,false,2.00,2022-05-04,09:03:31,EI Group,Action Level,Lead Paint,0.000000,0.000000,0.0,1712 don lee,Exterior,House,D,Room,Wall,Vinyl,Intact,,White,
,73,-0.1,mg/cm2,0.3,Negative,false,1.00,false,false,2.00,2022-05-04,09:03:50,EI Group,Action Level,Lead Paint,0.000000,0.000000,0.0,1712 don lee,Exterior,House,D,Door,Frame,Vinyl,Intact,,White,
,74,0.1,mg/cm2,0.3,Negative,false,1.00,false,false,2.00,2022-05-04,09:04:15,EI Group,Action Level,Lead Paint,0.000000,0.000000,0.0,1712 don lee,Exterior,House,D,Door,---,Wood,Deteriorated,,Black,
,75,-0.1,mg/cm2,0.3,Negative,false,1.00,false,false,2.00,2022-05-04,09:04:31,EI Group,Action Level,Lead Paint,0.000000,0.000000,0.0,1712 don lee,Exterior,House,D,Door,Jamb,Wood,Deteriorated,,Black,
,76,-0.2,mg/cm2,0.3,Negative,false,1.00,false,false,2.00,2022-05-04,09:04:52,EI Group,Action Level,Lead Paint,0.000000,0.000000,0.0,1712 don lee,Exterior,House,D,Railing,,Wood,Deteriorated,,Black,
,77,-0.1,mg/cm2,0.3,Negative,false,1.00,false,false,2.00,2022-05-04,09:05:17,EI Group,Action Level,Lead Paint,0.000000,0.000000,0.0,1712 don lee,Exterior,House,D,Window,Sill,Vinyl,Deteriorated,,White,
,78,-0.3,mg/cm2,0.3,Negative,false,1.00,false,false,2.00,2022-05-04,09:05:35,EI Group,Action Level,Lead Paint,0.000000,0.000000,0.0,1712 don lee,Exterior,House,D,Window,Frame,Vinyl,Deteriorated,,White,
,79,1.2,mg/cm2,0.2,Positive,false,1.00,false,false,5.00,2022-05-04,09:06:36,EI Group,Action Level,Lead Paint,0.000000,0.000000,0.0,1712 don lee,Exterior,Calibration,D,Window,Frame,Vinyl,Deteriorated,,White,
,80,1.1,mg/cm2,0.2,Positive,false,1.00,false,false,5.00,2022-05-04,09:06:57,EI Group,Action Level,Lead Paint,0.000000,0.000000,0.0,1712 don lee,Exterior,Calibration,D,Window,Frame,Vinyl,Deteriorated,,White,
,81,1.1,mg/cm2,0.2,Positive,false,1.00,false,false,5.00,2022-05-04,09:07:17,EI Group,Action Level,Lead Paint,0.000000,0.000000,0.0,1712 don lee,Exterior,Calibration,D,Window,Frame,Vinyl,Deteriorated,,White,
,82,0.8,mg/cm2,0.2,Negative,false,1.00,false,false,5.00,2022-05-04,09:56:08,EI Group,Action Level,Lead Paint,0.000000,0.000000,0.0,605 hodges,Exterior,Calibration,D,Window,Frame,Vinyl,Deteriorated,,White,
,83,1.1,mg/cm2,0.2,Positive,false,1.00,false,false,5.00,2022-05-04,09:56:29,EI Group,Action Level,Lead Paint,0.000000,0.000000,0.0,605 hodges,Exterior,Calibration,D,Window,Frame,Vinyl,Deteriorated,,White,
,84,1.1,mg/cm2,0.2,Positive,false,1.00,false,false,5.00,2022-05-04,09:56:50,EI Group,Action Level,Lead Paint,0.000000,0.000000,0.0,605 hodges,Exterior,Calibration,D,Window,Frame,Vinyl,Deteriorated,,White,
,85,0.0,mg/cm2,0.3,Negative,false,1.00,false,false,2.00,2022-05-04,10:03:24,EI Group,Action Level,Lead Paint,0.000000,0.000000,0.0,605 hodges,Apartment / Residential ,Laundry Room,D,Window,Sill,Wood,Intact,,White,
,86,-0.2,mg/cm2,0.3,Negative,false,1.00,false,false,2.00,2022-05-04,10:03:41,EI Group,Action Level,Lead Paint,0.000000,0.000000,0.0,605 hodges,Apartment / Residential ,Laundry Room,D,Window,Frame,Wood,Intact,,White,
,87,0.0,mg/cm2,0.3,Negative,false,1.00,false,false,2.00,2022-05-04,10:03:59,EI Group,Action Level,Lead Paint,0.000000,0.000000,0.0,605 hodges,Apartment / Residential ,Laundry Room,D,Window,Sash,Wood,Intact,,White,
,88,0.0,mg/cm2,0.3,Negative,false,1.00,false,false,2.00,2022-05-04,10:04:19,EI Group,Action Level,Lead Paint,0.000000,0.000000,0.0,605 hodges,Apartment / Residential ,Laundry Room,D,Room,Wall,Drywall,Intact,,White,
,89,0.0,mg/cm2,0.3,Negative,false,1.00,false,false,2.00,2022-05-04,10:04:37,EI Group,Action Level,Lead Paint,0.000000,0.000000,0.0,605 hodges,Apartment / Residential ,Laundry Room,D,Room,Ceiling,Drywall,Intact,,White,
,90,-0.6,mg/cm2,0.3,Negative,false,1.00,false,false,2.00,2022-05-04,10:05:00,EI Group,Action Level,Lead Paint,0.000000,0.000000,0.0,605 hodges,Apartment / Residential ,Laundry Room,D,Room,Floor,Wood,Intact,,Brown,
,91,-0.1,mg/cm2,0.3,Negative,false,1.00,false,false,2.00,2022-05-04,10:05:23,EI Group,Action Level,Lead Paint,0.000000,0.000000,0.0,605 hodges,Apartment / Residential ,Laundry Room,D,Cabinets,,Wood,Intact,,Tan,
,92,-0.2,mg/cm2,0.3,Negative,false,1.00,false,false,2.00,2022-05-04,10:06:02,EI Group,Action Level,Lead Paint,0.000000,0.000000,0.0,605 hodges,Apartment / Residential ,Laundry Room,D,Cabinets,,Wood,Intact,,Grey,
,93,-0.1,mg/cm2,0.3,Negative,false,1.00,false,false,2.00,2022-05-04,10:06:31,EI Group,Action Level,Lead Paint,0.000000,0.000000,0.0,605 hodges,Apartment / Residential ,Laundry Room,B,Door,Jamb,Drywall,Intact,,White,
,94,-0.2,mg/cm2,0.3,Negative,false,1.00,false,false,2.00,2022-05-04,10:10:54,EI Group,Action Level,Lead Paint,0.000000,0.000000,0.0,605 hodges,Apartment / Residential ,Kitchen,B,Window,Sill,Wood,Intact,,White,
,95,-0.1,mg/cm2,0.3,Negative,false,1.00,false,false,2.00,2022-05-04,10:11:18,EI Group,Action Level,Lead Paint,0.000000,0.000000,0.0,605 hodges,Apartment / Residential ,Kitchen,B,Window,Frame,Wood,Intact,,Brown,
,96,-0.1,mg/cm2,0.3,Negative,false,1.00,false,false,2.00,2022-05-04,10:11:51,EI Group,Action Level,Lead Paint,0.000000,0.000000,0.0,605 hodges,Apartment / Residential ,Kitchen,B,Window,Frame,Vinyl,Intact,,White,
,97,-0.1,mg/cm2,0.3,Negative,false,1.00,false,false,2.00,2022-05-04,10:12:22,EI Group,Action Level,Lead Paint,0.000000,0.000000,0.0,605 hodges,Apartment / Residential ,Kitchen,C,Room,Wall,Drywall,Intact,,White,
,98,-0.2,mg/cm2,0.3,Negative,false,1.00,false,false,2.00,2022-05-04,10:14:06,EI Group,Action Level,Lead Paint,0.000000,0.000000,0.0,605 hodges,Apartment / Residential ,Dining Room,A,Window,Sill,Wood,Intact,,Brown,
,99,0.0,mg/cm2,0.3,Negative,false,1.00,false,false,2.00,2022-05-04,10:14:35,EI Group,Action Level,Lead Paint,0.000000,0.000000,0.0,605 hodges,Apartment / Residential ,Dining Room,A,Room,Wall,Wood,Intact,,White,
,100,0.0,mg/cm2,0.3,Negative,false,1.00,false,false,2.00,2022-05-04,10:14:57,EI Group,Action Level,Lead Paint,0.000000,0.000000,0.0,605 hodges,Apartment / Residential ,Dining Room,A,Room,Ceiling,Wood,Deteriorated,,White,
,101,-0.1,mg/cm2,0.3,Negative,false,1.00,false,false,2.00,2022-05-04,10:15:41,EI Group,Action Level,Lead Paint,0.000000,0.000000,0.0,605 hodges,Apartment / Residential ,Dining Room,A,Shelf,,Wood,Intact,,White,
,102,-0.1,mg/cm2,0.3,Negative,false,1.00,false,false,2.00,2022-05-04,10:16:31,EI Group,Action Level,Lead Paint,0.000000,0.000000,0.0,605 hodges,Apartment / Residential ,Living Room,A,Door,,Wood,Intact,,White,
,103,-0.1,mg/cm2,0.3,Negative,false,1.00,false,false,2.00,2022-05-04,10:16:50,EI Group,Action Level,Lead Paint,0.000000,0.000000,0.0,605 hodges,Apartment / Residential ,Living Room,A,Door,Frame,Wood,Intact,,White,
,104,-0.2,mg/cm2,0.3,Negative,false,1.00,false,false,2.00,2022-05-04,10:17:08,EI Group,Action Level,Lead Paint,0.000000,0.000000,0.0,605 hodges,Apartment / Residential ,Living Room,A,Door,Jamb,Wood,Intact,,White,
,105,-0.3,mg/cm2,0.3,Negative,false,1.00,false,false,2.00,2022-05-04,10:17:30,EI Group,Action Level,Lead Paint,0.000000,0.000000,0.0,605 hodges,Apartment / Residential ,Living Room,A,Room,Wall,Drywall,Intact,,White,
,106,0.0,mg/cm2,0.3,Negative,false,1.00,false,false,2.00,2022-05-04,10:17:58,EI Group,Action Level,Lead Paint,0.000000,0.000000,0.0,605 hodges,Apartment / Residential ,Living Room,A,Door,,Wood,Deteriorated,,Red,
,107,-0.1,mg/cm2,0.3,Negative,false,1.00,false,false,2.00,2022-05-04,10:18:38,EI Group,Action Level,Lead Paint,0.000000,0.000000,0.0,605 hodges,Apartment / Residential ,Living Room,A,Window,Sill,Wood,Intact,,White,
,108,-0.1,mg/cm2,0.3,Negative,false,1.00,false,false,2.00,2022-05-04,10:18:56,EI Group,Action Level,Lead Paint,0.000000,0.000000,0.0,605 hodges,Apartment / Residential ,Living Room,A,Window,Frame,Wood,Intact,,White,
,109,-0.2,mg/cm2,0.3,Negative,false,1.00,false,false,2.00,2022-05-04,10:19:18,EI Group,Action Level,Lead Paint,0.000000,0.000000,0.0,605 hodges,Apartment / Residential ,Living Room,A,Window,Sash,Vinyl,Intact,,White,
,110,0.0,mg/cm2,0.3,Negative,false,1.00,false,false,2.00,2022-05-04,10:20:12,EI Group,Action Level,Lead Paint,0.000000,0.000000,0.0,605 hodges,Apartment / Residential ,Bedroom 2,A,Window,Sash,Vinyl,Intact,,White,
,111,-0.1,mg/cm2,0.3,Negative,false,1.00,false,false,2.00,2022-05-04,10:20:34,EI Group,Action Level,Lead Paint,0.000000,0.000000,0.0,605 hodges,Apartment / Residential ,Bedroom 2,A,Window,Sill,Wood,Intact,,Brown,
,112,-0.2,mg/cm2,0.3,Negative,false,1.00,false,false,2.00,2022-05-04,10:20:50,EI Group,Action Level,Lead Paint,0.000000,0.000000,0.0,605 hodges,Apartment / Residential ,Bedroom 2,A,Window,Frame,Wood,Intact,,Brown,
,113,-0.1,mg/cm2,0.3,Negative,false,1.00,false,false,2.00,2022-05-04,10:21:15,EI Group,Action Level,Lead Paint,0.000000,0.000000,0.0,605 hodges,Apartment / Residential ,Bedroom 2,C,Door,Jamb,Wood,Intact,,White,
,114,-0.1,mg/cm2,0.3,Negative,false,1.00,false,false,2.00,2022-05-04,10:21:31,EI Group,Action Level,Lead Paint,0.000000,0.000000,0.0,605 hodges,Apartment / Residential ,Bedroom 2,C,Door,---,Wood,Intact,,White,
,115,-0.1,mg/cm2,0.3,Negative,false,1.00,false,false,2.00,2022-05-04,10:21:47,EI Group,Action Level,Lead Paint,0.000000,0.000000,0.0,605 hodges,Apartment / Residential ,Bedroom 2,C,Door,---,Wood,Intact,,White,
,116,-0.1,mg/cm2,0.3,Negative,false,1.00,false,false,2.00,2022-05-04,10:29:53,EI Group,Action Level,Lead Paint,0.000000,0.000000,0.0,605 hodges,Apartment / Residential ,Living Room,B,Door,---,Wood,Intact,,White,
,117,0.0,mg/cm2,0.3,Negative,false,1.00,false,false,2.00,2022-05-04,10:30:14,EI Group,Action Level,Lead Paint,0.000000,0.000000,0.0,605 hodges,Apartment / Residential ,Living Room,B,Door,Frame,Wood,Intact,,White,
,118,-0.2,mg/cm2,0.3,Negative,false,1.00,false,false,2.00,2022-05-04,10:30:42,EI Group,Action Level,Lead Paint,0.000000,0.000000,0.0,605 hodges,Apartment / Residential ,Living Room,B,Fire Place,,Wood,Intact,,White,
,119,-0.1,mg/cm2,0.3,Negative,false,1.00,false,false,2.00,2022-05-04,10:34:23,EI Group,Action Level,Lead Paint,0.000000,0.000000,0.0,605 hodges,Apartment / Residential ,Bedroom 1,A,Room,Wall,Drywall,Intact,,Blue,
,120,0.0,mg/cm2,0.3,Negative,false,1.00,false,false,2.00,2022-05-04,10:34:53,EI Group,Action Level,Lead Paint,0.000000,0.000000,0.0,605 hodges,Apartment / Residential ,Bedroom 1,A,Door,---,Wood,Intact,,White,
,121,-0.1,mg/cm2,0.3,Negative,false,1.00,false,false,2.00,2022-05-04,10:35:10,EI Group,Action Level,Lead Paint,0.000000,0.000000,0.0,605 hodges,Apartment / Residential ,Bedroom 1,A,Door,Jamb,Wood,Intact,,White,
,122,-0.1,mg/cm2,0.3,Negative,false,1.00,false,false,2.00,2022-05-04,10:35:26,EI Group,Action Level,Lead Paint,0.000000,0.000000,0.0,605 hodges,Apartment / Residential ,Bedroom 1,A,Door,Frame,Wood,Intact,,White,
,123,-0.2,mg/cm2,0.3,Negative,false,1.00,false,false,2.00,2022-05-04,10:35:50,EI Group,Action Level,Lead Paint,0.000000,0.000000,0.0,605 hodges,Apartment / Residential ,Bedroom 1,A,Room,Baseboard,Wood,Intact,,White,
,124,-0.1,mg/cm2,0.3,Negative,false,1.00,false,false,2.00,2022-05-04,10:36:17,EI Group,Action Level,Lead Paint,0.000000,0.000000,0.0,605 hodges,Apartment / Residential ,Bedroom 1,C,Window,Sash,Vinyl,Intact,,White,
,125,0.0,mg/cm2,0.3,Negative,false,1.00,false,false,2.00,2022-05-04,10:36:36,EI Group,Action Level,Lead Paint,0.000000,0.000000,0.0,605 hodges,Apartment / Residential ,Bedroom 1,C,Window,Sill,Wood,Intact,,White,
,126,-0.1,mg/cm2,0.3,Negative,false,1.00,false,false,2.00,2022-05-04,10:36:51,EI Group,Action Level,Lead Paint,0.000000,0.000000,0.0,605 hodges,Apartment / Residential ,Bedroom 1,C,Window,Frame,Wood,Intact,,White,
,127,-0.1,mg/cm2,0.3,Negative,false,1.00,false,false,2.00,2022-05-04,10:43:26,EI Group,Action Level,Lead Paint,0.000000,0.000000,0.0,605 hodges,Apartment / Residential ,Bedroom 3,C,Window,Frame,Wood,Intact,,White,
,128,-0.1,mg/cm2,0.3,Negative,false,1.00,false,false,2.00,2022-05-04,10:43:47,EI Group,Action Level,Lead Paint,0.000000,0.000000,0.0,605 hodges,Apartment / Residential ,Bedroom 3,C,Window,Sill,Wood,Intact,,Brown,
,129,0.0,mg/cm2,0.3,Negative,false,1.00,false,false,2.00,2022-05-04,10:44:21,EI Group,Action Level,Lead Paint,0.000000,0.000000,0.0,605 hodges,Apartment / Residential ,Bedroom 3,D,Room,Wall,Wood,Intact,,Purple,
,130,-0.1,mg/cm2,0.3,Negative,false,1.00,false,false,2.00,2022-05-04,10:44:41,EI Group,Action Level,Lead Paint,0.000000,0.000000,0.0,605 hodges,Apartment / Residential ,Bedroom 3,D,Door,,Wood,Intact,,White,
,131,-0.1,mg/cm2,0.3,Negative,false,1.00,false,false,2.00,2022-05-04,10:45:00,EI Group,Action Level,Lead Paint,0.000000,0.000000,0.0,605 hodges,Apartment / Residential ,Bedroom 3,D,Door,Jamb,Wood,Intact,,White,
,132,-0.1,mg/cm2,0.3,Negative,false,1.00,false,false,2.00,2022-05-04,10:45:17,EI Group,Action Level,Lead Paint,0.000000,0.000000,0.0,605 hodges,Apartment / Residential ,Bedroom 3,D,Door,Frame,Wood,Intact,,White,
,133,-0.1,mg/cm2,0.3,Negative,false,1.00,false,false,2.00,2022-05-04,10:50:23,EI Group,Action Level,Lead Paint,0.000000,0.000000,0.0,605 hodges,Apartment / Residential ,Bathroom,B,Door,Frame,Wood,Intact,,White,
,134,-0.2,mg/cm2,0.3,Negative,false,1.00,false,false,2.00,2022-05-04,10:50:39,EI Group,Action Level,Lead Paint,0.000000,0.000000,0.0,605 hodges,Apartment / Residential ,Bathroom,B,Door,Jamb,Wood,Intact,,White,
,135,0.1,mg/cm2,0.3,Negative,false,1.00,false,false,2.00,2022-05-04,10:50:56,EI Group,Action Level,Lead Paint,0.000000,0.000000,0.0,605 hodges,Apartment / Residential ,Bathroom,B,Door,---,Wood,Intact,,White,
,136,0.0,mg/cm2,0.3,Negative,false,1.00,false,false,2.00,2022-05-04,10:51:20,EI Group,Action Level,Lead Paint,0.000000,0.000000,0.0,605 hodges,Apartment / Residential ,Bathroom,C,Tub ,,Ceramic,Intact,,White,
,137,0.0,mg/cm2,0.3,Negative,false,1.00,false,false,2.00,2022-05-04,10:51:49,EI Group,Action Level,Lead Paint,0.000000,0.000000,0.0,605 hodges,Apartment / Residential ,Bathroom,D,Window,Sill,Wood,Intact,,White,
,138,0.1,mg/cm2,0.3,Negative,false,1.00,false,false,2.00,2022-05-04,10:52:08,EI Group,Action Level,Lead Paint,0.000000,0.000000,0.0,605 hodges,Apartment / Residential ,Bathroom,D,Window,Frame,Wood,Intact,,White,
,139,0.0,mg/cm2,0.3,Negative,false,1.00,false,false,2.00,2022-05-04,10:52:29,EI Group,Action Level,Lead Paint,0.000000,0.000000,0.0,605 hodges,Apartment / Residential ,Bathroom,A,Cabinets,,Wood,Intact,,White,
,140,0.1,mg/cm2,0.3,Negative,false,1.00,false,false,2.00,2022-05-04,10:52:54,EI Group,Action Level,Lead Paint,0.000000,0.000000,0.0,605 hodges,Apartment / Residential ,Bathroom,A,Room,Wall,Drywall,Intact,,Green,
,141,0.0,mg/cm2,0.3,Negative,false,1.00,false,false,2.00,2022-05-04,10:53:37,EI Group,Action Level,Lead Paint,0.000000,0.000000,0.0,605 hodges,Apartment / Residential ,Bathroom 2,A,Room,Wall,Drywall,Intact,,Orange,
,142,-0.1,mg/cm2,0.3,Negative,false,1.00,false,false,2.00,2022-05-04,10:54:00,EI Group,Action Level,Lead Paint,0.000000,0.000000,0.0,605 hodges,Apartment / Residential ,Bathroom 2,A,Cabinets,,Wood,Intact,,Grey,
,143,-0.1,mg/cm2,0.3,Negative,false,1.00,false,false,2.00,2022-05-04,10:54:20,EI Group,Action Level,Lead Paint,0.000000,0.000000,0.0,605 hodges,Apartment / Residential ,Bathroom 2,A,Door,---,Wood,Intact,,White,
,144,-0.1,mg/cm2,0.3,Negative,false,1.00,false,false,2.00,2022-05-04,10:54:36,EI Group,Action Level,Lead Paint,0.000000,0.000000,0.0,605 hodges,Apartment / Residential ,Bathroom 2,A,Door,Jamb,Wood,Intact,,White,
,145,0.0,mg/cm2,0.3,Negative,false,1.00,false,false,2.00,2022-05-04,10:54:52,EI Group,Action Level,Lead Paint,0.000000,0.000000,0.0,605 hodges,Apartment / Residential ,Bathroom 2,A,Door,---,Wood,Intact,,White,
,146,0.0,mg/cm2,0.3,Negative,false,1.00,false,false,2.00,2022-05-04,10:55:16,EI Group,Action Level,Lead Paint,0.000000,0.000000,0.0,605 hodges,Apartment / Residential ,Bedroom 4,A,Door,---,Wood,Intact,,White,
,147,-0.1,mg/cm2,0.3,Negative,false,1.00,false,false,2.00,2022-05-04,10:55:32,EI Group,Action Level,Lead Paint,0.000000,0.000000,0.0,605 hodges,Apartment / Residential ,Bedroom 4,A,Door,Jamb,Wood,Intact,,White,
,148,0.0,mg/cm2,0.3,Negative,false,1.00,false,false,2.00,2022-05-04,10:55:49,EI Group,Action Level,Lead Paint,0.000000,0.000000,0.0,605 hodges,Apartment / Residential ,Bedroom 4,A,Door,Frame,Wood,Intact,,White,
,149,-0.3,mg/cm2,0.3,Negative,false,1.00,false,false,2.00,2022-05-04,10:56:11,EI Group,Action Level,Lead Paint,0.000000,0.000000,0.0,605 hodges,Apartment / Residential ,Bedroom 4,A,Room,Wall,Drywall,Intact,,White,
,150,-0.1,mg/cm2,0.3,Negative,false,1.00,false,false,2.00,2022-05-04,10:56:37,EI Group,Action Level,Lead Paint,0.000000,0.000000,0.0,605 hodges,Apartment / Residential ,Bedroom 4,B,Window,Frame,Wood,Intact,,White,
,151,0.0,mg/cm2,0.3,Negative,false,1.00,false,false,2.00,2022-05-04,10:56:53,EI Group,Action Level,Lead Paint,0.000000,0.000000,0.0,605 hodges,Apartment / Residential ,Bedroom 4,B,Window,Sill,Wood,Intact,,White,
,152,0.0,mg/cm2,0.3,Negative,false,1.00,false,false,2.00,2022-05-04,10:58:13,EI Group,Action Level,Lead Paint,0.000000,0.000000,0.0,605 hodges,Exterior,Porch,A,Door,,Wood,Intact,,White,
,153,-0.1,mg/cm2,0.3,Negative,false,1.00,false,false,2.00,2022-05-04,10:58:36,EI Group,Action Level,Lead Paint,0.000000,0.000000,0.0,605 hodges,Exterior,Porch,A,Room,Wall,Wood,Intact,,Blue,
,154,-0.2,mg/cm2,0.3,Negative,false,1.00,false,false,2.00,2022-05-04,10:58:55,EI Group,Action Level,Lead Paint,0.000000,0.000000,0.0,605 hodges,Exterior,Porch,A,Room,Ceiling,Wood,Intact,,Blue,
,155,-0.1,mg/cm2,0.3,Negative,false,1.00,false,false,2.00,2022-05-04,10:59:23,EI Group,Action Level,Lead Paint,0.000000,0.000000,0.0,605 hodges,Exterior,Porch,A,Window,Frame,Vinyl,Intact,,White,
,156,-0.1,mg/cm2,0.3,Negative,false,1.00,false,false,2.00,2022-05-04,11:00:02,EI Group,Action Level,Lead Paint,0.000000,0.000000,0.0,605 hodges,Exterior,House,A,Door,,Vinyl,Intact,,White,
,157,-0.1,mg/cm2,0.3,Negative,false,1.00,false,false,2.00,2022-05-04,11:00:30,EI Group,Action Level,Lead Paint,0.000000,0.000000,0.0,605 hodges,Exterior,House,A,Room,Wall,Vinyl,Intact,,Blue,
,158,-0.1,mg/cm2,0.3,Negative,false,1.00,false,false,2.00,2022-05-04,11:01:00,EI Group,Action Level,Lead Paint,0.000000,0.000000,0.0,605 hodges,Exterior,House,A,Soffit,,Wood,Intact,,Blue,
,159,0.0,mg/cm2,0.3,Negative,false,1.00,false,false,2.00,2022-05-04,11:03:21,EI Group,Action Level,Lead Paint,0.000000,0.000000,0.0,605 hodges,Exterior,House,B,Room,Wall,Vinyl,Intact,,Blue,
,160,0.2,mg/cm2,0.3,Negative,false,1.00,false,false,2.00,2022-05-04,11:03:45,EI Group,Action Level,Lead Paint,0.000000,0.000000,0.0,605 hodges,Exterior,House,B,Window,Frame,Vinyl,Intact,,White,
,161,-0.2,mg/cm2,0.3,Negative,false,1.00,false,false,2.00,2022-05-04,11:04:19,EI Group,Action Level,Lead Paint,0.000000,0.000000,0.0,605 hodges,Exterior,House,C,Room,Wall,Vinyl,Intact,,Blue,
,162,-0.1,mg/cm2,0.3,Negative,false,1.00,false,false,2.00,2022-05-04,11:04:47,EI Group,Action Level,Lead Paint,0.000000,0.000000,0.0,605 hodges,Exterior,House,C,Door,,Wood,Intact,,White,
,163,-0.1,mg/cm2,0.3,Negative,false,1.00,false,false,2.00,2022-05-04,11:05:06,EI Group,Action Level,Lead Paint,0.000000,0.000000,0.0,605 hodges,Exterior,House,C,Door,Jamb,Wood,Intact,,White,
,164,-0.2,mg/cm2,0.3,Negative,false,1.00,false,false,2.00,2022-05-04,11:05:23,EI Group,Action Level,Lead Paint,0.000000,0.000000,0.0,605 hodges,Exterior,House,C,Door,Frame,Wood,Intact,,White,
,165,0.0,mg/cm2,0.3,Negative,false,1.00,false,false,2.00,2022-05-04,11:06:08,EI Group,Action Level,Lead Paint,0.000000,0.000000,0.0,605 hodges,Exterior,House,C,Window,Frame,Vinyl,Intact,,White,
,166,0.1,mg/cm2,0.3,Negative,false,1.00,false,false,2.00,2022-05-04,11:06:39,EI Group,Action Level,Lead Paint,0.000000,0.000000,0.0,605 hodges,Exterior,House,D,Window,Frame,Vinyl,Intact,,White,
,167,0.3,mg/cm2,0.3,Negative,false,1.00,false,false,2.00,2022-05-04,11:07:06,EI Group,Action Level,Lead Paint,0.000000,0.000000,0.0,605 hodges,Exterior,House,D,Room,Wall,Vinyl,Intact,,Blue,
,168,1.1,mg/cm2,0.2,Positive,false,1.00,false,false,5.00,2022-05-04,11:12:22,EI Group,Action Level,Lead Paint,0.000000,0.000000,0.0,605 hodges,Exterior,Calibration,D,Room,Wall,Vinyl,Intact,,Blue,
,169,1.1,mg/cm2,0.2,Positive,false,1.00,false,false,5.00,2022-05-04,11:12:44,EI Group,Action Level,Lead Paint,0.000000,0.000000,0.0,605 hodges,Exterior,Calibration,D,Room,Wall,Vinyl,Intact,,Blue,
,170,1.1,mg/cm2,0.2,Positive,false,1.00,false,false,5.00,2022-05-04,11:13:05,EI Group,Action Level,Lead Paint,0.000000,0.000000,0.0,605 hodges,Exterior,Calibration,D,Room,Wall,Vinyl,Intact,,Blue,
,171,1.1,mg/cm2,0.2,Positive,false,1.00,false,false,5.00,2022-05-04,12:04:03,EI Group,Action Level,Lead Paint,0.000000,0.000000,0.0,5651,Exterior,Calibration,D,Room,Wall,Vinyl,Intact,,Blue,
,172,1.0,mg/cm2,0.2,Positive,false,1.00,false,false,5.00,2022-05-04,12:04:23,EI Group,Action Level,Lead Paint,0.000000,0.000000,0.0,5651,Exterior,Calibration,D,Room,Wall,Vinyl,Intact,,Blue,
,173,1.0,mg/cm2,0.2,Positive,false,1.00,false,false,5.00,2022-05-04,12:04:44,EI Group,Action Level,Lead Paint,0.000000,0.000000,0.0,5651,Exterior,Calibration,D,Room,Wall,Vinyl,Intact,,Blue,
,174,0.1,mg/cm2,0.3,Negative,false,1.00,false,false,2.00,2022-05-04,12:10:01,EI Group,Action Level,Lead Paint,0.000000,0.000000,0.0,5651,Apartment / Residential ,Bathroom,A,Room,Wall,Drywall,Intact,,Blue,
,175,0.3,mg/cm2,0.3,Negative,false,1.00,false,false,2.00,2022-05-04,12:10:26,EI Group,Action Level,Lead Paint,0.000000,0.000000,0.0,5651,Apartment / Residential ,Bathroom,A,Door,---,Wood,Intact,,White,
,176,0.0,mg/cm2,0.3,Negative,false,1.00,false,false,2.00,2022-05-04,12:10:43,EI Group,Action Level,Lead Paint,0.000000,0.000000,0.0,5651,Apartment / Residential ,Bathroom,A,Door,Jamb,Wood,Intact,,White,
,177,0.5,mg/cm2,0.3,Negative,false,1.00,false,false,2.00,2022-05-04,12:10:59,EI Group,Action Level,Lead Paint,0.000000,0.000000,0.0,5651,Apartment / Residential ,Bathroom,A,Door,Frame,Wood,Intact,,White,
,178,-0.2,mg/cm2,0.3,Negative,false,1.00,false,false,2.00,2022-05-04,12:11:21,EI Group,Action Level,Lead Paint,0.000000,0.000000,0.0,5651,Apartment / Residential ,Bathroom,A,Room,Baseboard,Wood,Intact,,White,
,179,-0.2,mg/cm2,0.3,Negative,false,1.00,false,false,2.00,2022-05-04,12:11:53,EI Group,Action Level,Lead Paint,0.000000,0.000000,0.0,5651,Apartment / Residential ,Bathroom,C,Tub ,,Ceramic,Intact,,White,
,180,0.2,mg/cm2,0.3,Negative,false,1.00,false,false,2.00,2022-05-04,12:16:30,EI Group,Action Level,Lead Paint,0.000000,0.000000,0.0,5651,Apartment / Residential ,Kitchen,C,Room,Wall,Drywall,Intact,,White,
,181,0.0,mg/cm2,0.3,Negative,false,1.00,false,false,2.00,2022-05-04,12:17:12,EI Group,Action Level,Lead Paint,0.000000,0.000000,0.0,5651,Apartment / Residential ,Kitchen,B,Window,Sill,Wood,Intact,,White,
,182,0.9,mg/cm2,0.2,Negative,false,1.00,false,false,5.00,2022-05-04,12:17:29,EI Group,Action Level,Lead Paint,0.000000,0.000000,0.0,5651,Apartment / Residential ,Kitchen,B,Window,Sash,Wood,Intact,,White,
,183,0.1,mg/cm2,0.3,Negative,false,1.00,false,false,2.00,2022-05-04,12:18:00,EI Group,Action Level,Lead Paint,0.000000,0.000000,0.0,5651,Apartment / Residential ,Kitchen,B,Cabinets,,Wood,Intact,,White,
,184,0.0,mg/cm2,0.3,Negative,false,1.00,false,false,2.00,2022-05-04,12:18:28,EI Group,Action Level,Lead Paint,0.000000,0.000000,0.0,5651,Apartment / Residential ,Kitchen,C,Window,Frame,Wood,Intact,,White,
,185,-0.2,mg/cm2,0.3,Negative,false,1.00,false,false,2.00,2022-05-04,12:19:30,EI Group,Action Level,Lead Paint,0.000000,0.000000,0.0,5651,Apartment / Residential ,Bedroom 1,C,Room,Wall,Drywall,Intact,,White,
,186,0.6,mg/cm2,0.3,Negative,false,1.00,false,false,3.00,2022-05-04,12:20:01,EI Group,Action Level,Lead Paint,0.000000,0.000000,0.0,5651,Apartment / Residential ,Bedroom 1,D,Door,,Wood,Intact,,White,
,187,1.1,mg/cm2,0.2,Positive,false,1.00,false,false,5.00,2022-05-04,12:20:21,EI Group,Action Level,Lead Paint,0.000000,0.000000,0.0,5651,Apartment / Residential ,Bedroom 1,D,Door,Frame,Wood,Intact,,White,
,188,1.5,mg/cm2,0.3,Positive,false,1.00,false,false,2.00,2022-05-04,12:21:05,EI Group,Action Level,Lead Paint,0.000000,0.000000,0.0,5651,Apartment / Residential ,Bedroom 1,D,Window,Sill,Wood,Intact,,White,
,189,0.1,mg/cm2,0.3,Negative,false,1.00,false,false,2.00,2022-05-04,12:21:35,EI Group,Action Level,Lead Paint,0.000000,0.000000,0.0,5651,Apartment / Residential ,Bedroom 1,D,Window,Sash,Wood,Intact,,White,
,190,-0.1,mg/cm2,0.3,Negative,false,1.00,false,false,2.00,2022-05-04,12:22:12,EI Group,Action Level,Lead Paint,0.000000,0.000000,0.0,5651,Apartment / Residential ,Bedroom 1,D,Room,Floor,Wood,Deteriorated,,Brown,
,191,-0.1,mg/cm2,0.3,Negative,false,1.00,false,false,2.00,2022-05-04,12:23:11,EI Group,Action Level,Lead Paint,0.000000,0.000000,0.0,5651,Apartment / Residential ,Dining Room,D,Room,Ceiling,Drywall,Intact,,White,
,192,-0.2,mg/cm2,0.3,Negative,false,1.00,false,false,2.00,2022-05-04,12:23:45,EI Group,Action Level,Lead Paint,0.000000,0.000000,0.0,5651,Apartment / Residential ,Dining Room,D,Room,Floor,Wood,Deteriorated,,Brown,
,193,-0.1,mg/cm2,0.3,Negative,false,1.00,false,false,2.00,2022-05-04,12:24:11,EI Group,Action Level,Lead Paint,0.000000,0.000000,0.0,5651,Apartment / Residential ,Dining Room,D,Room,Floor,Wood,Deteriorated,,Brown,
,194,-0.1,mg/cm2,0.3,Negative,false,1.00,false,false,2.00,2022-05-04,12:24:31,EI Group,Action Level,Lead Paint,0.000000,0.000000,0.0,5651,Apartment / Residential ,Dining Room,D,Room,Floor,Wood,Deteriorated,,Tan,
,195,0.5,mg/cm2,0.2,Negative,false,1.00,false,false,4.00,2022-05-04,12:24:57,EI Group,Action Level,Lead Paint,0.000000,0.000000,0.0,5651,Apartment / Residential ,Dining Room,C,Window,Sill,Wood,Deteriorated,,Tan,
,196,0.6,mg/cm2,0.3,Negative,false,1.00,false,false,2.00,2022-05-04,12:25:21,EI Group,Action Level,Lead Paint,0.000000,0.000000,0.0,5651,Apartment / Residential ,Dining Room,C,Window,Sash,Wood,Deteriorated,,Tan,
,197,3.1,mg/cm2,0.3,Positive,false,1.00,false,false,2.00,2022-05-04,12:25:49,EI Group,Action Level,Lead Paint,0.000000,0.000000,0.0,5651,Apartment / Residential ,Dining Room,C,Window,Frame,Wood,Deteriorated,,Tan,
,198,4.9,mg/cm2,0.3,Positive,false,1.00,false,false,2.00,2022-05-04,12:26:57,EI Group,Action Level,Lead Paint,0.000000,0.000000,0.0,5651,Apartment / Residential ,Living Room,D,Window,Frame,Wood,Intact,,Brown,
,199,-0.1,mg/cm2,0.3,Negative,false,1.00,false,false,2.00,2022-05-04,12:27:25,EI Group,Action Level,Lead Paint,0.000000,0.000000,0.0,5651,Apartment / Residential ,Living Room,D,Window,Sill,Wood,Intact,,Brown,
,200,0.1,mg/cm2,0.3,Negative,false,1.00,false,false,2.00,2022-05-04,12:27:44,EI Group,Action Level,Lead Paint,0.000000,0.000000,0.0,5651,Apartment / Residential ,Living Room,D,Window,Sash,Wood,Intact,,Brown,
,201,6.4,mg/cm2,0.3,Positive,false,1.00,false,false,2.00,2022-05-04,12:28:17,EI Group,Action Level,Lead Paint,0.000000,0.000000,0.0,5651,Apartment / Residential ,Living Room,D,Room,Wall,Drywall,Intact,,White,
,202,-0.2,mg/cm2,0.3,Negative,false,1.00,false,false,2.00,2022-05-04,12:29:01,EI Group,Action Level,Lead Paint,0.000000,0.000000,0.0,5651,Apartment / Residential ,Living Room,C,Door,Jamb,Wood,Intact,,White,
,203,0.3,mg/cm2,0.3,Negative,false,1.00,false,false,2.00,2022-05-04,12:29:19,EI Group,Action Level,Lead Paint,0.000000,0.000000,0.0,5651,Apartment / Residential ,Living Room,C,Door,Frame,Wood,Intact,,Brown,
,204,-0.1,mg/cm2,0.3,Negative,false,1.00,false,false,2.00,2022-05-04,12:35:23,EI Group,Action Level,Lead Paint,0.000000,0.000000,0.0,5651,Apartment / Residential ,Bedroom 2,D,Window,Sill,Wood,Intact,,White,
,205,1.1,mg/cm2,0.2,Positive,false,1.00,false,false,5.00,2022-05-04,12:35:43,EI Group,Action Level,Lead Paint,0.000000,0.000000,0.0,5651,Apartment / Residential ,Bedroom 2,D,Window,Sash,Wood,Intact,,White,
,206,2.2,mg/cm2,0.3,Positive,false,1.00,false,false,2.00,2022-05-04,12:36:31,EI Group,Action Level,Lead Paint,0.000000,0.000000,0.0,5651,Apartment / Residential ,Bedroom 2,D,Window,Frame,Wood,Intact,,White,
,207,3.4,mg/cm2,0.3,Positive,false,1.00,false,false,2.00,2022-05-04,12:37:37,EI Group,Action Level,Lead Paint,0.000000,0.000000,0.0,5651,Apartment / Residential ,Bedroom 2,C,Door,,Wood,Intact,,White,
,208,5.7,mg/cm2,0.3,Positive,false,1.00,false,false,2.00,2022-05-04,12:38:08,EI Group,Action Level,Lead Paint,0.000000,0.000000,0.0,5651,Apartment / Residential ,Bedroom 2,C,Door,Jamb,Wood,Intact,,White,
,209,2.3,mg/cm2,0.3,Positive,false,1.00,false,false,2.00,2022-05-04,12:38:37,EI Group,Action Level,Lead Paint,0.000000,0.000000,0.0,5651,Apartment / Residential ,Bedroom 2,C,Door,Frame,Wood,Intact,,White,
,210,-0.1,mg/cm2,0.3,Negative,false,1.00,false,false,2.00,2022-05-04,12:39:35,EI Group,Action Level,Lead Paint,0.000000,0.000000,0.0,5651,Apartment / Residential ,Foyer,C,Room,Floor,Wood,Intact,,Blue,
,211,-0.5,mg/cm2,0.3,Negative,false,1.00,false,false,2.00,2022-05-04,12:40:59,EI Group,Action Level,Lead Paint,0.000000,0.000000,0.0,5651,Apartment / Residential ,Hallway,C,Room,Wall,Drywall,Intact,,Green,
,212,2.9,mg/cm2,0.3,Positive,false,1.00,false,false,2.00,2022-05-04,12:42:14,EI Group,Action Level,Lead Paint,0.000000,0.000000,0.0,5651,Apartment / Residential ,Hallway,C,Stair,,Wood,Intact,,White,
,213,4.5,mg/cm2,0.3,Positive,false,1.00,false,false,2.00,2022-05-04,12:45:19,EI Group,Action Level,Lead Paint,0.000000,0.000000,0.0,5651,Apartment / Residential ,Bedroom 3,A,Room,Baseboard,Wood,Intact,,White,
,214,-0.1,mg/cm2,0.3,Negative,false,1.00,false,false,2.00,2022-05-04,12:45:55,EI Group,Action Level,Lead Paint,0.000000,0.000000,0.0,5651,Apartment / Residential ,Bedroom 3,C,Door,,Wood,Intact,,White,
,215,0.0,mg/cm2,0.3,Negative,false,1.00,false,false,2.00,2022-05-04,12:46:11,EI Group,Action Level,Lead Paint,0.000000,0.000000,0.0,5651,Apartment / Residential ,Bedroom 3,C,Door,Frame,Wood,Intact,,White,
,216,-0.1,mg/cm2,0.3,Negative,false,1.00,false,false,2.00,2022-05-04,12:46:27,EI Group,Action Level,Lead Paint,0.000000,0.000000,0.0,5651,Apartment / Residential ,Bedroom 3,C,Door,Jamb,Wood,Intact,,White,
,217,4.0,mg/cm2,0.3,Positive,false,1.00,false,false,2.00,2022-05-04,12:47:15,EI Group,Action Level,Lead Paint,0.000000,0.000000,0.0,5651,Apartment / Residential ,Bedroom 3,D,Window,Frame,Wood,Intact,,White,
,218,2.7,mg/cm2,0.3,Positive,false,1.00,false,false,2.00,2022-05-04,12:47:47,EI Group,Action Level,Lead Paint,0.000000,0.000000,0.0,5651,Apartment / Residential ,Bedroom 3,D,Window,Sash,Wood,Intact,,White,
,219,0.0,mg/cm2,0.3,Negative,false,1.00,false,false,2.00,2022-05-04,12:48:15,EI Group,Action Level,Lead Paint,0.000000,0.000000,0.0,5651,Apartment / Residential ,Bedroom 3,D,Window,Sill,Wood,Intact,,White,
,220,0.0,mg/cm2,0.3,Negative,false,1.00,false,false,2.00,2022-05-04,12:50:02,EI Group,Action Level,Lead Paint,0.000000,0.000000,0.0,5651,Apartment / Residential ,Bedroom 4,A,Room,Wall,Drywall,Intact,,Purple,
,221,0.9,mg/cm2,0.2,Negative,false,1.00,false,false,5.00,2022-05-04,12:50:26,EI Group,Action Level,Lead Paint,0.000000,0.000000,0.0,5651,Apartment / Residential ,Bedroom 4,B,Door,,Wood,Intact,,White,
,222,0.7,mg/cm2,0.2,Negative,false,1.00,false,false,5.00,2022-05-04,12:50:52,EI Group,Action Level,Lead Paint,0.000000,0.000000,0.0,5651,Apartment / Residential ,Bedroom 4,B,Door,Jamb,Wood,Intact,,White,
,223,1.1,mg/cm2,0.2,Positive,false,1.00,false,false,5.00,2022-05-04,12:51:20,EI Group,Action Level,Lead Paint,0.000000,0.000000,0.0,5651,Apartment / Residential ,Bedroom 4,B,Door,Frame,Wood,Intact,,White,
,224,-0.1,mg/cm2,0.3,Negative,false,1.00,false,false,2.00,2022-05-04,12:52:19,EI Group,Action Level,Lead Paint,0.000000,0.000000,0.0,5651,Apartment / Residential ,Bedroom 4,A,Window,Sill,Wood,Intact,,White,
,225,0.2,mg/cm2,0.3,Negative,false,1.00,false,false,2.00,2022-05-04,12:52:42,EI Group,Action Level,Lead Paint,0.000000,0.000000,0.0,5651,Apartment / Residential ,Bedroom 4,A,Window,Frame,Wood,Intact,,White,
,226,0.7,mg/cm2,0.2,Negative,false,1.00,false,false,5.00,2022-05-04,12:53:12,EI Group,Action Level,Lead Paint,0.000000,0.000000,0.0,5651,Apartment / Residential ,Bedroom 4,A,Window,Sash,Wood,Intact,,White,
,227,0.9,mg/cm2,0.2,Negative,false,1.00,false,false,5.00,2022-05-04,12:55:31,EI Group,Action Level,Lead Paint,0.000000,0.000000,0.0,5651,Apartment / Residential ,Bedroom 5,A,Window,Sash,Wood,Intact,,White,
,228,3.8,mg/cm2,0.3,Positive,false,1.00,false,false,2.00,2022-05-04,12:56:04,EI Group,Action Level,Lead Paint,0.000000,0.000000,0.0,5651,Apartment / Residential ,Bedroom 5,A,Window,Sill,Wood,Intact,,White,
,229,2.7,mg/cm2,0.3,Positive,false,1.00,false,false,2.00,2022-05-04,12:56:32,EI Group,Action Level,Lead Paint,0.000000,0.000000,0.0,5651,Apartment / Residential ,Bedroom 5,A,Window,Frame,Wood,Intact,,White,
,230,0.0,mg/cm2,0.3,Negative,false,1.00,false,false,2.00,2022-05-04,12:57:07,EI Group,Action Level,Lead Paint,0.000000,0.000000,0.0,5651,Apartment / Residential ,Bedroom 5,A,Room,Wall,Drywall,Intact,,Red,
,231,1.6,mg/cm2,0.3,Positive,false,1.00,false,false,2.00,2022-05-04,12:57:48,EI Group,Action Level,Lead Paint,0.000000,0.000000,0.0,5651,Apartment / Residential ,Bedroom 5,D,Door,,Wood,Deteriorated,,Brown,
,232,2.8,mg/cm2,0.3,Positive,false,1.00,false,false,2.00,2022-05-04,12:58:27,EI Group,Action Level,Lead Paint,0.000000,0.000000,0.0,5651,Apartment / Residential ,Bedroom 5,D,Door,Jamb,Wood,Intact,,White,
,233,1.8,mg/cm2,0.3,Positive,false,1.00,false,false,2.00,2022-05-04,12:58:55,EI Group,Action Level,Lead Paint,0.000000,0.000000,0.0,5651,Apartment / Residential ,Bedroom 5,D,Door,Frame,Wood,Intact,,White,
,234,0.1,mg/cm2,0.3,Negative,false,1.00,false,false,2.00,2022-05-04,12:59:40,EI Group,Action Level,Lead Paint,0.000000,0.000000,0.0,5651,Apartment / Residential ,Family Room,D,Room,Wall,Drywall,Intact,,Tan,
,235,-0.2,mg/cm2,0.3,Negative,false,1.00,false,false,2.00,2022-05-04,13:00:10,EI Group,Action Level,Lead Paint,0.000000,0.000000,0.0,5651,Apartment / Residential ,Family Room,A,Window,Sill,Wood,Intact,,White,
,236,-0.2,mg/cm2,0.3,Negative,false,1.00,false,false,2.00,2022-05-04,13:00:29,EI Group,Action Level,Lead Paint,0.000000,0.000000,0.0,5651,Apartment / Residential ,Family Room,A,Window,Sash,Wood,Intact,,White,
,237,-0.1,mg/cm2,0.3,Negative,false,1.00,false,false,2.00,2022-05-04,13:00:49,EI Group,Action Level,Lead Paint,0.000000,0.000000,0.0,5651,Apartment / Residential ,Family Room,A,Window,Frame,Wood,Intact,,White,
,238,-0.2,mg/cm2,0.3,Negative,false,1.00,false,false,2.00,2022-05-04,13:01:33,EI Group,Action Level,Lead Paint,0.000000,0.000000,0.0,5651,Apartment / Residential ,Bedroom 6,B,Door,---,Wood,Intact,,Brown,
,239,0.0,mg/cm2,0.3,Negative,false,1.00,false,false,2.00,2022-05-04,13:01:53,EI Group,Action Level,Lead Paint,0.000000,0.000000,0.0,5651,Apartment / Residential ,Bedroom 6,B,Door,Jamb,Wood,Intact,,White,
,240,0.2,mg/cm2,0.3,Negative,false,1.00,false,false,2.00,2022-05-04,13:02:10,EI Group,Action Level,Lead Paint,0.000000,0.000000,0.0,5651,Apartment / Residential ,Bedroom 6,B,Door,Frame,Wood,Intact,,White,
,241,-0.1,mg/cm2,0.3,Negative,false,1.00,false,false,2.00,2022-05-04,13:03:26,EI Group,Action Level,Lead Paint,0.000000,0.000000,0.0,5651,Apartment / Residential ,Hallway,A,Room,Wall,Wood,Intact,,White,
,242,-0.2,mg/cm2,0.3,Negative,false,1.00,false,false,2.00,2022-05-04,13:04:10,EI Group,Action Level,Lead Paint,0.000000,0.000000,0.0,5651,Apartment / Residential ,Bathroom 2,A,Room,Wall,Drywall,Intact,,Blue,
,243,2.0,mg/cm2,0.3,Positive,false,1.00,false,false,2.00,2022-05-04,13:04:38,EI Group,Action Level,Lead Paint,0.000000,0.000000,0.0,5651,Apartment / Residential ,Bathroom 2,C,Window,Sill,Wood,Intact,,White,
,244,9.3,mg/cm2,0.3,Positive,false,1.00,false,false,2.00,2022-05-04,13:05:06,EI Group,Action Level,Lead Paint,0.000000,0.000000,0.0,5651,Apartment / Residential ,Bathroom 2,C,Window,Frame,Wood,Intact,,White,
,245,0.5,mg/cm2,0.3,Negative,false,1.00,false,false,2.00,2022-05-04,13:05:42,EI Group,Action Level,Lead Paint,0.000000,0.000000,0.0,5651,Apartment / Residential ,Bathroom 2,C,Door,---,Wood,Intact,,White,
,246,1.6,mg/cm2,0.3,Positive,false,1.00,false,false,2.00,2022-05-04,13:05:58,EI Group,Action Level,Lead Paint,0.000000,0.000000,0.0,5651,Apartment / Residential ,Bathroom 2,C,Door,Jamb,Wood,Intact,,White,
,247,4.7,mg/cm2,0.3,Positive,false,1.00,false,false,2.00,2022-05-04,13:06:31,EI Group,Action Level,Lead Paint,0.000000,0.000000,0.0,5651,Apartment / Residential ,Bathroom 2,C,Door,Frame,Wood,Intact,,White,
,248,0.1,mg/cm2,0.3,Negative,false,1.00,false,false,2.00,2022-05-04,13:07:11,EI Group,Action Level,Lead Paint,0.000000,0.000000,0.0,5651,Apartment / Residential ,Bathroom 2,A,Tub ,,Ceramic,Intact,,White,
,249,0.2,mg/cm2,0.3,Negative,false,1.00,false,false,2.00,2022-05-04,13:20:11,EI Group,Action Level,Lead Paint,0.000000,0.000000,0.0,5651,Exterior,House,A,Column,,Wood,Intact,,White,
,250,0.2,mg/cm2,0.3,Negative,false,1.00,false,false,2.00,2022-05-04,13:20:46,EI Group,Action Level,Lead Paint,0.000000,0.000000,0.0,5651,Exterior,House,A,Stair,,Concrete,Deteriorated,,Red,
,251,7.5,mg/cm2,0.3,Positive,false,1.00,false,false,2.00,2022-05-04,13:21:18,EI Group,Action Level,Lead Paint,0.000000,0.000000,0.0,5651,Exterior,House,A,Soffit,,Wood,Intact,,White,
,252,0.8,mg/cm2,0.2,Negative,false,1.00,false,false,5.00,2022-05-04,13:21:50,EI Group,Action Level,Lead Paint,0.000000,0.000000,0.0,5651,Exterior,House,A,Fascia,,Wood,Intact,,White,
,253,8.1,mg/cm2,0.3,Positive,false,1.00,false,false,2.00,2022-05-04,13:22:28,EI Group,Action Level,Lead Paint,0.000000,0.000000,0.0,5651,Exterior,House,A,Window,Frame,Wood,Intact,,White,
,254,-0.1,mg/cm2,0.3,Negative,false,1.00,false,false,2.00,2022-05-04,13:22:57,EI Group,Action Level,Lead Paint,0.000000,0.000000,0.0,5651,Exterior,House,A,Window,Sill,Wood,Intact,,White,
,255,6.2,mg/cm2,0.3,Positive,false,1.00,false,false,2.00,2022-05-04,13:23:16,EI Group,Action Level,Lead Paint,0.000000,0.000000,0.0,5651,Exterior,House,A,Room,Wall,Wood,Intact,,White,
,256,0.0,mg/cm2,0.3,Negative,false,1.00,false,false,2.00,2022-05-04,13:23:54,EI Group,Action Level,Lead Paint,0.000000,0.000000,0.0,5651,Exterior,House,A,Door,,Wood,Intact,,White,
,257,0.1,mg/cm2,0.3,Negative,false,1.00,false,false,2.00,2022-05-04,13:24:12,EI Group,Action Level,Lead Paint,0.000000,0.000000,0.0,5651,Exterior,House,A,Door,Frame,Wood,Intact,,White,
,258,0.4,mg/cm2,0.3,Negative,false,1.00,false,false,2.00,2022-05-04,13:25:42,EI Group,Action Level,Lead Paint,0.000000,0.000000,0.0,5651,Exterior,House,D,Room,Wall,Wood,Intact,,White,
,259,0.3,mg/cm2,0.3,Negative,false,1.00,false,false,2.00,2022-05-04,13:26:15,EI Group,Action Level,Lead Paint,0.000000,0.000000,0.0,5651,Exterior,House,D,Window,Sash,Wood,Deteriorated,,White,
,260,0.5,mg/cm2,0.3,Negative,false,1.00,false,false,2.00,2022-05-04,13:27:41,EI Group,Action Level,Lead Paint,0.000000,0.000000,0.0,5651,Exterior,House,D,Door,,Wood,Intact,,White,
,261,0.7,mg/cm2,0.2,Negative,false,1.00,false,false,4.00,2022-05-04,13:28:07,EI Group,Action Level,Lead Paint,0.000000,0.000000,0.0,5651,Exterior,House,C,Room,Wall,Wood,Intact,,White,
,262,-0.1,mg/cm2,0.3,Negative,false,1.00,false,false,2.00,2022-05-04,13:28:47,EI Group,Action Level,Lead Paint,0.000000,0.000000,0.0,5651,Exterior,House,C,Window,Sill,Wood,Deteriorated,,White,
,263,0.9,mg/cm2,0.2,Negative,false,1.00,false,false,5.00,2022-05-04,13:29:06,EI Group,Action Level,Lead Paint,0.000000,0.000000,0.0,5651,Exterior,House,C,Window,Sash,Wood,Deteriorated,,White,
,264,0.8,mg/cm2,0.2,Negative,false,1.00,false,false,5.00,2022-05-04,13:29:39,EI Group,Action Level,Lead Paint,0.000000,0.000000,0.0,5651,Exterior,House,C,Window,Frame,Wood,Deteriorated,,White,
,265,0.1,mg/cm2,0.3,Negative,false,1.00,false,false,2.00,2022-05-04,13:30:32,EI Group,Action Level,Lead Paint,0.000000,0.000000,0.0,5651,Exterior,House,D,Window,Frame,Wood,Intact,,White,
,266,-0.1,mg/cm2,0.3,Negative,false,1.00,false,false,2.00,2022-05-04,13:30:50,EI Group,Action Level,Lead Paint,0.000000,0.000000,0.0,5651,Exterior,House,D,Window,Sill,Wood,Intact,,White,
,267,0.1,mg/cm2,0.3,Negative,false,1.00,false,false,2.00,2022-05-04,13:31:16,EI Group,Action Level,Lead Paint,0.000000,0.000000,0.0,5651,Exterior,House,D,Room,Wall,Wood,Intact,,White,
,268,0.9,mg/cm2,0.2,Negative,false,1.00,false,false,5.00,2022-05-04,13:33:56,EI Group,Action Level,Lead Paint,0.000000,0.000000,0.0,5651,Exterior,Calibration,D,Room,Wall,Wood,Intact,,White,
,269,1.2,mg/cm2,0.2,Positive,false,1.00,false,false,5.00,2022-05-04,13:34:17,EI Group,Action Level,Lead Paint,0.000000,0.000000,0.0,5651,Exterior,Calibration,D,Room,Wall,Wood,Intact,,White,
,270,0.9,mg/cm2,0.2,Negative,false,1.00,false,false,5.00,2022-05-04,13:34:38,EI Group,Action Level,Lead Paint,0.000000,0.000000,0.0,5651,Exterior,Calibration,D,Room,Wall,Wood,Intact,,White,
